Date,Open,High,Low,Close,Adj Close,Volume
01/12/2015,8.68,8.85,8.61,8.83,6.800395,82985158
02/12/2015,8.86,8.87,8.75,8.85,6.815798,69579449
03/12/2015,8.52,8.94,8.47,8.92,6.869709,84495074
04/12/2015,8.8,9.09,8.74,9.04,6.962126,131902303
07/12/2015,8.95,8.95,8.57,8.6,6.623261,120985063
08/12/2015,8.35,8.38,8.21,8.3,6.392217,140025703
09/12/2015,8.31,8.46,8.27,8.42,6.484635,97014498
10/12/2015,8.29,8.31,8.12,8.17,6.292099,94904078
11/12/2015,8.1,8.13,7.92,7.94,6.114964,89828440
14/12/2015,7.7,7.87,7.66,7.82,6.022547,80016319
15/12/2015,7.8,8.07,7.8,7.9,6.084158,62152770
16/12/2015,8.1,8.26,8.05,8.17,6.292099,68769013
17/12/2015,8.1,8.1,7.89,7.99,6.153472,87080425
18/12/2015,7.77,7.9,7.75,7.85,6.045651,69904033
21/12/2015,7.78,8,7.78,7.86,6.053352,46946905
22/12/2015,7.8,7.91,7.8,7.85,6.045651,43411749
23/12/2015,7.92,8.18,7.88,8.16,6.284396,44403483
24/12/2015,8.58,8.58,8.39,8.41,6.476933,54712925
28/12/2015,8.35,8.4,8.21,8.29,6.384516,35951882
29/12/2015,8.23,8.31,8.17,8.28,6.376814,18380318
30/12/2015,8.36,8.36,8.18,8.2,6.315202,24352342
31/12/2015,8.1,8.17,8.01,8.07,6.215083,24776865
04/01/2016,8.2,8.2,7.95,8.01,6.168875,52218965
05/01/2016,8.01,8.15,7.92,8.03,6.184277,50695895
06/01/2016,8,8.04,7.92,8.02,6.176577,49636425
07/01/2016,7.88,7.9,7.53,7.55,5.814608,120368741
08/01/2016,7.75,7.75,7.56,7.63,5.876219,60606432
11/01/2016,7.5,7.52,7.3,7.31,5.629772,67398997
12/01/2016,7.31,7.33,7.05,7.07,5.444936,57571941
13/01/2016,7.24,7.47,7.15,7.27,5.598966,56838525
14/01/2016,7.07,7.32,6.92,7.28,5.606668,84423958
15/01/2016,7.4,7.44,7.02,7.06,5.437235,71326567
18/01/2016,6.96,6.98,6.7,6.74,5.190788,103722318
19/01/2016,6.7,7.03,6.65,7.01,5.398729,81812918
20/01/2016,6.88,6.88,6.55,6.58,5.067565,106904502
21/01/2016,6.77,6.78,6.41,6.42,4.944341,176166260
22/01/2016,6.82,6.98,6.7,6.94,5.344818,139263630
25/01/2016,7.13,7.37,7.13,7.27,5.598966,143100218
26/01/2016,6.97,7,6.71,6.75,5.198489,139729143
27/01/2016,7.06,7.1,6.93,7.01,5.398729,94654393
28/01/2016,7.15,7.25,7.07,7.19,5.537354,96376462
29/01/2016,7.5,7.94,7.45,7.88,6.068756,204583680
01/02/2016,7.85,7.86,7.48,7.63,5.876219,105144705
02/02/2016,7.36,7.61,7.34,7.55,5.814608,59305242
03/02/2016,6.83,7.28,6.83,7.25,5.583563,118140613
04/02/2016,7.6,7.78,7.55,7.7,5.930129,76641097
05/02/2016,7.69,7.89,7.65,7.87,6.061053,97003165
11/02/2016,7.28,7.47,7.23,7.45,5.737593,102020057
12/02/2016,7.45,7.77,7.39,7.48,5.760697,101977552
15/02/2016,7.74,8.04,7.63,7.96,6.130368,108436996
16/02/2016,8.15,8.3,8.08,8.11,6.24589,120970367
17/02/2016,8.08,8.08,7.77,7.79,5.999442,100237851
18/02/2016,8.35,8.35,8.16,8.21,6.322904,93823958
19/02/2016,8.05,8.18,8.01,8.1,6.238188,70799820
22/02/2016,8.1,8.2,8.06,8.1,6.238188,32159396
23/02/2016,8.25,8.34,8.15,8.23,6.338306,72771218
24/02/2016,8.09,8.1,7.96,7.98,6.14577,53300615
25/02/2016,8.11,8.13,7.79,7.81,6.014845,56700854
26/02/2016,7.98,8.24,7.98,8.19,6.307501,59022937
29/02/2016,8.16,8.17,7.94,7.96,6.130368,53144151
01/03/2016,8.13,8.3,8.03,8.29,6.384516,61435945
02/03/2016,8.5,8.65,8.48,8.52,6.56165,98506023
03/03/2016,8.75,8.77,8.53,8.76,6.746485,102556824
04/03/2016,8.85,9.12,8.69,9.1,7.008334,132161713
07/03/2016,9.3,9.42,9.17,9.24,7.116154,135608729
08/03/2016,9.36,9.37,9.07,9.26,7.131559,91073348
09/03/2016,9.01,9.04,8.9,9.03,6.954424,109751094
10/03/2016,9.2,9.35,9.1,9.11,7.016037,70656577
11/03/2016,9.01,9.23,8.92,9.18,7.069946,72075220
14/03/2016,9.38,9.38,9.04,9.08,6.992931,70851309
15/03/2016,8.9,9,8.78,8.82,6.792693,89779565
16/03/2016,8.95,8.98,8.66,8.7,6.700276,94384727
17/03/2016,9.13,9.24,9.05,9.14,7.03914,75720724
18/03/2016,9.29,9.29,8.99,9.08,6.992931,100090560
21/03/2016,9.05,9.15,8.89,8.97,6.908216,65596804
22/03/2016,8.91,9.09,8.91,9.04,6.962126,49340148
23/03/2016,8.94,9.19,8.94,9.17,7.062244,53910761
24/03/2016,9.03,9.05,8.82,8.96,6.900513,75598481
29/03/2016,9.07,9.09,8.85,8.99,6.923619,48644283
30/03/2016,8.91,9.1,8.91,9.07,6.98523,85399559
31/03/2016,9.1,9.18,8.99,9.16,7.054543,73231732
01/04/2016,9.07,9.13,8.84,8.87,6.8312,74259060
05/04/2016,8.6,8.65,8.46,8.59,6.615559,97117861
06/04/2016,8.59,8.69,8.51,8.59,6.615559,55955357
07/04/2016,8.85,8.93,8.73,8.78,6.761888,57045533
08/04/2016,8.7,8.98,8.68,8.95,6.892813,45995050
11/04/2016,9.1,9.2,9,9.1,7.008334,77988356
12/04/2016,9.11,9.17,9.08,9.15,7.046843,36684704
13/04/2016,9.36,9.75,9.35,9.72,7.485826,171727394
14/04/2016,9.78,9.78,9.46,9.67,7.447317,69397297
15/04/2016,9.62,9.75,9.54,9.73,7.493526,63460704
18/04/2016,9.22,9.58,9.16,9.57,7.370305,116063394
19/04/2016,9.8,9.8,9.62,9.79,7.539735,85423257
20/04/2016,9.85,9.85,9.47,9.65,7.431915,85250769
21/04/2016,9.87,10.2,9.84,10.18,7.840094,134601155
22/04/2016,10,10.16,9.95,10.08,7.763079,55269863
25/04/2016,10.16,10.16,9.93,10.02,7.716869,45824777
26/04/2016,9.95,10.02,9.75,9.93,7.647557,69199262
27/04/2016,10,10.04,9.78,9.95,7.662959,55801154
28/04/2016,10,10.08,9.77,9.89,7.616751,82026979
29/04/2016,9.7,9.75,9.55,9.66,7.439615,79729770
03/05/2016,9.72,9.72,9.4,9.43,7.262484,69796469
04/05/2016,9.22,9.28,9.03,9.12,7.023737,95162684
05/05/2016,9.1,9.17,8.96,9.11,7.016037,93611064
06/05/2016,9,9.04,8.81,8.9,6.854305,94818456
09/05/2016,9.05,9.17,8.9,8.94,6.885111,49936416
10/05/2016,8.7,8.98,8.7,8.93,6.877409,60100966
11/05/2016,9,9.1,8.94,8.95,6.892813,58818084
12/05/2016,9.11,9.12,8.97,9.05,6.969827,47430288
13/05/2016,8.91,9.07,8.81,8.89,6.846604,64236558
16/05/2016,8.87,9.03,8.78,8.96,6.900513,39910500
17/05/2016,9.18,9.25,9.09,9.23,7.108453,61805454
18/05/2016,9.24,9.38,9.14,9.17,7.062244,75214565
19/05/2016,9.12,9.15,8.95,9.04,6.962126,54991729
20/05/2016,8.99,9.22,8.94,9.07,6.98523,53717027
23/05/2016,9,9.19,9,9.05,6.969827,36987992
24/05/2016,9.08,9.08,8.76,8.86,6.823499,66202436
25/05/2016,8.97,9.25,8.97,9.18,7.069946,60283066
26/05/2016,9.25,9.47,9.25,9.37,7.216274,66285610
27/05/2016,9.4,9.45,9.27,9.44,7.270185,44794609
30/05/2016,9.45,9.45,9.2,9.26,7.131559,53512141
31/05/2016,9.16,9.36,9.16,9.28,7.14696,103861193
01/06/2016,9.16,9.5,9.16,9.46,7.285587,48606865
02/06/2016,9.36,9.59,9.31,9.5,7.316393,47416562
03/06/2016,9.54,9.59,9.43,9.53,7.339497,61012766
06/06/2016,9.59,9.61,9.42,9.6,7.393408,34930445
07/06/2016,9.65,9.84,9.6,9.82,7.56284,61739841
08/06/2016,9.6,9.79,9.6,9.75,7.705089,71631563
10/06/2016,9.76,9.8,9.57,9.59,7.578645,62778170
13/06/2016,9.44,9.44,9.31,9.39,7.420592,62383353
14/06/2016,9.31,9.47,9.31,9.41,7.436396,80811872
15/06/2016,9.26,9.53,9.25,9.44,7.460106,51162417
16/06/2016,9.27,9.4,9.05,9.1,7.191415,72514599
17/06/2016,9.14,9.16,8.96,9.03,7.136097,77292620
20/06/2016,9.21,9.41,9.18,9.36,7.396884,58983556
21/06/2016,9.43,9.63,9.42,9.59,7.578645,69887249
22/06/2016,9.55,9.74,9.55,9.73,7.689283,47947749
23/06/2016,9.68,9.7,9.53,9.67,7.641868,31920215
24/06/2016,9.44,9.85,8.96,9.29,7.341566,117483418
27/06/2016,9.15,9.23,9.03,9.18,7.254637,80813140
28/06/2016,8.94,9.2,8.94,9.17,7.246733,48214224
29/06/2016,9.22,9.36,9.19,9.35,7.388982,31495369
30/06/2016,9.5,9.68,9.46,9.62,7.602353,72939004
04/07/2016,9.72,9.79,9.67,9.75,7.705089,44532613
05/07/2016,9.78,9.78,9.52,9.57,7.562841,40659749
06/07/2016,9.34,9.5,9.25,9.47,7.483816,51530955
07/07/2016,9.5,9.66,9.47,9.62,7.602353,48239358
08/07/2016,9.6,9.6,9.34,9.49,7.499619,43217403
11/07/2016,9.7,9.7,9.53,9.59,7.578645,38410749
12/07/2016,9.62,9.7,9.48,9.67,7.641868,54513604
13/07/2016,9.75,9.96,9.75,9.82,7.760406,51379341
14/07/2016,9.69,9.85,9.68,9.84,7.776212,51071801
15/07/2016,9.85,9.94,9.7,9.83,7.768309,41111850
18/07/2016,9.88,9.93,9.82,9.91,7.83153,37937966
19/07/2016,9.91,9.94,9.72,9.8,7.744601,46288544
20/07/2016,9.82,10,9.81,9.95,7.863141,53365465
21/07/2016,10.02,10.12,9.87,9.96,7.871044,48854634
22/07/2016,9.87,9.99,9.84,9.9,7.823627,47808231
25/07/2016,10.02,10.02,9.78,9.94,7.855237,30075792
26/07/2016,9.74,9.79,9.63,9.68,7.649769,98324902
27/07/2016,9.68,9.8,9.61,9.73,7.689283,58782491
28/07/2016,9.54,9.6,9.46,9.56,7.554939,76293203
29/07/2016,9.25,9.42,9.22,9.28,7.333663,94402032
01/08/2016,9.1,9.26,9.1,9.26,7.317858,91085678
02/08/2016,9.26,9.26,9.26,9.26,7.317858,0
03/08/2016,9.04,9.05,8.84,8.85,6.99385,169448901
04/08/2016,9.05,9.18,9.02,9.12,7.207221,73434919
05/08/2016,9.3,9.31,9.19,9.24,7.302052,48433479
08/08/2016,9.3,9.31,9.07,9.26,7.317858,68432053
09/08/2016,9.33,9.41,9.27,9.35,7.388982,63655274
10/08/2016,9.4,9.44,9.28,9.36,7.396884,37418166
11/08/2016,9.38,9.38,9.26,9.32,7.365273,55067729
12/08/2016,9.53,9.67,9.46,9.62,7.602353,84169004
15/08/2016,9.82,9.89,9.72,9.77,7.720893,95824304
16/08/2016,9.77,9.87,9.73,9.79,7.736699,63534661
17/08/2016,9.79,9.9,9.69,9.76,7.712991,74743505
18/08/2016,9.75,9.81,9.72,9.76,7.712991,45426730
19/08/2016,9.84,9.94,9.79,9.8,7.744601,47878752
22/08/2016,9.8,9.83,9.57,9.74,7.697184,40579036
23/08/2016,9.68,9.69,9.5,9.63,7.610256,34659177
24/08/2016,9.73,9.8,9.54,9.61,7.594451,39666922
25/08/2016,9.5,9.6,9.4,9.52,7.523327,70177328
26/08/2016,9.46,9.7,9.46,9.62,7.602353,32838391
29/08/2016,9.64,9.69,9.52,9.55,7.547035,36669170
30/08/2016,9.66,9.77,9.52,9.53,7.531229,41742237
31/08/2016,9.55,9.6,9.46,9.53,7.531229,49206304
01/09/2016,9.44,9.47,9.37,9.42,7.444299,45517995
02/09/2016,9.4,9.51,9.36,9.42,7.444299,47091356
05/09/2016,9.57,9.64,9.52,9.62,7.602353,39892625
06/09/2016,9.68,9.73,9.64,9.7,7.665575,47340635
07/09/2016,9.62,9.74,9.61,9.72,7.68138,28584886
08/09/2016,9.59,9.7,9.52,9.63,7.705384,40570600
09/09/2016,9.74,9.79,9.63,9.69,7.753393,60970981
12/09/2016,9.4,9.48,9.38,9.43,7.545355,65276971
13/09/2016,9.49,9.68,9.43,9.48,7.585363,46710299
14/09/2016,9.36,9.42,9.28,9.37,7.497346,59616201
15/09/2016,9.32,9.36,9.21,9.3,7.441337,57323551
19/09/2016,9.34,9.38,9.23,9.29,7.433335,43482430
20/09/2016,9.28,9.3,9.18,9.24,7.393328,39347711
21/09/2016,9.25,9.38,9.21,9.35,7.481345,36120245
22/09/2016,9.48,9.5,9.39,9.42,7.537353,46627515
23/09/2016,9.47,9.55,9.38,9.45,7.561357,35139656
26/09/2016,9.34,9.39,9.21,9.24,7.393328,43802842
27/09/2016,9.18,9.34,9.18,9.3,7.441337,44461376
28/09/2016,9.23,9.27,9.16,9.27,7.417333,27933680
29/09/2016,9.82,9.83,9.66,9.74,7.793399,167878108
30/09/2016,9.69,9.79,9.6,9.62,7.697382,70322242
03/10/2016,9.81,9.83,9.7,9.75,7.801402,56948777
04/10/2016,9.78,9.81,9.73,9.77,7.817404,45154325
05/10/2016,9.74,10.14,9.71,10.14,8.113458,105354204
06/10/2016,10.18,10.54,10.18,10.54,8.433516,107953783
07/10/2016,10.5,10.56,10.26,10.34,8.273487,75934391
11/10/2016,10.62,10.68,10.24,10.38,8.305492,97486063
12/10/2016,10.3,10.44,10.16,10.44,8.3535,81782822
13/10/2016,10.24,10.36,10.12,10.18,8.145464,64788099
14/10/2016,10.2,10.54,10.16,10.44,8.3535,77001961
17/10/2016,10.32,10.34,10.1,10.24,8.193473,42688693
18/10/2016,10.28,10.5,10.24,10.48,8.385507,49728195
19/10/2016,10.38,10.54,10.3,10.46,8.369504,64291420
20/10/2016,10.6,10.84,10.56,10.68,8.545536,109530908
21/10/2016,10.68,10.68,10.68,10.68,8.545536,0
24/10/2016,10.78,10.88,10.56,10.7,8.561538,72882434
25/10/2016,10.7,10.82,10.6,10.7,8.561538,47698137
26/10/2016,10.52,10.58,10.38,10.48,8.385507,57064358
27/10/2016,10.28,10.3,10.08,10.2,8.161466,120332387
28/10/2016,10.12,10.28,10.02,10.04,8.033443,55424859
31/10/2016,9.94,10.02,9.83,9.87,7.897418,79040877
01/11/2016,9.95,10.12,9.84,9.99,7.993436,58283670
02/11/2016,9.71,9.87,9.71,9.87,7.897418,47387244
03/11/2016,9.75,9.92,9.75,9.82,7.857411,48266316
04/11/2016,9.69,9.78,9.67,9.75,7.801402,58503842
07/11/2016,9.9,9.92,9.69,9.85,7.881417,64173084
08/11/2016,9.95,9.95,9.71,9.8,7.841409,67065903
09/11/2016,9.85,9.86,9.28,9.53,7.62537,85260755
10/11/2016,9.83,9.88,9.75,9.79,7.833407,68672337
11/11/2016,9.64,9.71,9.47,9.61,7.689382,55177157
14/11/2016,9.5,9.61,9.42,9.51,7.609368,40420408
15/11/2016,9.56,9.66,9.53,9.56,7.649376,39050159
16/11/2016,9.87,9.92,9.73,9.73,7.785399,82937484
17/11/2016,9.65,9.86,9.65,9.68,7.745391,43727397
18/11/2016,9.69,9.79,9.56,9.77,7.817404,37560030
21/11/2016,9.8,9.81,9.64,9.73,7.785399,37185072
22/11/2016,9.92,10.28,9.92,10.24,8.193473,92377371
23/11/2016,10.14,10.22,10.04,10.16,8.12946,42271300
24/11/2016,10.14,10.14,9.96,10.1,8.081452,29397246
25/11/2016,10.14,10.18,10.02,10.04,8.033443,35137071
28/11/2016,9.9,10.08,9.87,10,8.001436,68168164
29/11/2016,9.91,9.96,9.8,9.91,7.929424,84038475
30/11/2016,9.91,9.91,9.78,9.78,7.825405,78296270
01/12/2016,10.5,10.56,10.34,10.38,8.305492,152674844
02/12/2016,10.32,10.48,10.32,10.34,8.273487,101157379
05/12/2016,10.34,10.34,10.02,10.14,8.113458,55718720
06/12/2016,10.32,10.34,10.16,10.18,8.145464,47165046
07/12/2016,10.22,10.28,10.18,10.2,8.161466,44060457
08/12/2016,10.34,10.34,10.2,10.28,8.225477,51055745
09/12/2016,10.34,10.36,10.14,10.26,8.209476,39390989
12/12/2016,10.5,10.52,10.2,10.22,8.17747,70499229
13/12/2016,10.22,10.38,10.18,10.38,8.305492,63287538
14/12/2016,10.5,10.66,10.36,10.38,8.305492,76653263
15/12/2016,10.14,10.26,10.02,10.02,8.017442,84821797
16/12/2016,10.14,10.16,10,10.08,8.06545,66354260
19/12/2016,10.02,10.18,10,10,8.001436,39010452
20/12/2016,9.98,10.06,9.84,9.92,7.937426,34919712
21/12/2016,9.91,9.98,9.87,9.9,7.921422,46137730
22/12/2016,9.77,9.79,9.64,9.69,7.753393,62415621
23/12/2016,9.79,9.79,9.57,9.57,7.657376,57341712
28/12/2016,9.6,9.82,9.51,9.7,7.761394,50463773
29/12/2016,9.6,9.7,9.54,9.62,7.697382,46480594
30/12/2016,9.74,9.74,9.61,9.7,7.761394,36560422
03/01/2017,9.64,9.79,9.56,9.79,7.833407,27871194
04/01/2017,9.85,9.85,9.7,9.8,7.841409,32228934
05/01/2017,9.92,10.08,9.87,9.96,7.969432,49164146
06/01/2017,10.12,10.12,9.93,9.95,7.96143,47696921
09/01/2017,9.95,10.1,9.74,9.86,7.889417,68257812
10/01/2017,9.74,9.8,9.68,9.73,7.785399,61407670
11/01/2017,9.72,9.9,9.71,9.84,7.873415,63889315
12/01/2017,9.86,9.95,9.7,9.73,7.785399,74212426
13/01/2017,9.85,9.99,9.83,9.96,7.969432,60693012
16/01/2017,9.85,9.91,9.8,9.83,7.865413,25224625
17/01/2017,9.8,9.89,9.77,9.86,7.889417,45008154
18/01/2017,9.87,10.18,9.85,10.04,8.033443,68455265
19/01/2017,10.08,10.08,9.92,10,8.001436,52087523
20/01/2017,9.95,9.95,9.74,9.8,7.841409,66723186
23/01/2017,9.78,9.86,9.68,9.73,7.785399,71761661
24/01/2017,9.7,9.73,9.63,9.7,7.761394,71833332
25/01/2017,9.64,9.72,9.64,9.68,7.745391,48713367
26/01/2017,9.68,9.92,9.68,9.9,7.921422,71561143
27/01/2017,9.85,9.92,9.84,9.84,7.873415,24576263
01/02/2017,9.8,9.83,9.66,9.75,7.801402,55153346
02/02/2017,9.8,9.81,9.64,9.67,7.737391,47121799
03/02/2017,9.74,9.74,9.61,9.74,7.793399,51071510
06/02/2017,9.76,9.77,9.62,9.7,7.761394,55270124
07/02/2017,9.62,9.7,9.62,9.65,7.721387,34281811
08/02/2017,9.56,9.61,9.52,9.53,7.62537,105528904
09/02/2017,9.52,9.64,9.52,9.54,7.633371,91385586
10/02/2017,9.63,9.77,9.61,9.63,7.705384,83974345
13/02/2017,9.71,9.73,9.64,9.69,7.753393,56531710
14/02/2017,9.67,9.68,9.5,9.54,7.633371,101487643
15/02/2017,9.6,9.63,9.5,9.53,7.62537,102763470
16/02/2017,9.52,9.57,9.5,9.52,7.617369,53569119
17/02/2017,9.53,9.54,9.4,9.43,7.545355,86823316
20/02/2017,9.45,9.54,9.45,9.48,7.585363,48501141
21/02/2017,9.51,9.51,9.4,9.46,7.56936,52703646
22/02/2017,9.53,9.53,9.42,9.47,7.577363,76619403
23/02/2017,9.4,9.46,9.35,9.43,7.545355,64045455
24/02/2017,9.45,9.45,9.36,9.38,7.505349,69501960
27/02/2017,9.35,9.35,9.22,9.25,7.40133,70775874
28/02/2017,9.25,9.33,9.16,9.18,7.34532,75356132
01/03/2017,9.16,9.19,9.03,9.09,7.273307,90478233
02/03/2017,9.27,9.29,9.15,9.17,7.337317,95165640
03/03/2017,9.11,9.16,9.09,9.14,7.313314,56069059
06/03/2017,9.13,9.17,9.06,9.11,7.28931,49708200
07/03/2017,9.04,9.17,9.04,9.1,7.281308,62398418
08/03/2017,9.08,9.1,9,9.05,7.241302,95338319
09/03/2017,8.88,8.91,8.84,8.89,7.113278,144598578
10/03/2017,8.85,8.88,8.75,8.83,7.065269,135415235
13/03/2017,8.79,8.96,8.79,8.92,7.137283,72111089
14/03/2017,8.87,8.94,8.81,8.91,7.12928,101081613
15/03/2017,8.82,8.85,8.76,8.81,7.049268,92148115
16/03/2017,8.95,9.14,8.95,9.13,7.305313,177295246
17/03/2017,9.08,9.13,8.98,9.13,7.305313,135696698
20/03/2017,9.06,9.1,9.01,9.08,7.265305,95117270
21/03/2017,9.06,9.15,9.04,9.09,7.273307,77022965
22/03/2017,8.94,8.96,8.87,8.93,7.145284,110151204
23/03/2017,8.92,9.01,8.88,8.89,7.113278,76766900
24/03/2017,9.25,9.29,9.13,9.24,7.393328,243024224
27/03/2017,9.2,9.34,9.2,9.24,7.393328,88927379
28/03/2017,9.32,9.32,9.25,9.31,7.449338,77658082
29/03/2017,9.35,9.37,9.32,9.34,7.473342,63554397
30/03/2017,9.4,9.42,9.32,9.34,7.473342,75416417
31/03/2017,9.41,9.42,9.23,9.28,7.425333,71065041
03/04/2017,9.3,9.35,9.24,9.3,7.441337,56505925
05/04/2017,9.35,9.42,9.33,9.42,7.537353,98670090
06/04/2017,9.4,9.44,9.32,9.4,7.521351,49246798
07/04/2017,9.46,9.58,9.41,9.54,7.633371,129112573
10/04/2017,9.55,9.57,9.41,9.49,7.593364,44985192
11/04/2017,9.46,9.52,9.35,9.39,7.51335,65905887
12/04/2017,9.48,9.48,9.31,9.45,7.561357,54127790
13/04/2017,9.4,9.47,9.35,9.43,7.545355,45414968
18/04/2017,9.33,9.37,9.21,9.24,7.393328,63077224
19/04/2017,9.2,9.22,9.02,9.13,7.305313,84359953
20/04/2017,9,9.1,8.96,9.09,7.273307,111057559
21/04/2017,9.14,9.16,9.02,9.05,7.241302,46271692
24/04/2017,9.09,9.1,8.96,9.06,7.249303,59848372
25/04/2017,9.09,9.1,8.98,9.08,7.265305,66961238
26/04/2017,9.04,9.1,9.01,9.07,7.257304,64119732
27/04/2017,9.1,9.1,9,9.04,7.233299,62449124
28/04/2017,9.04,9.12,9.01,9.07,7.257304,67561347
02/05/2017,9.06,9.08,8.92,8.97,7.177289,88343279
04/05/2017,8.96,8.97,8.91,8.92,7.137283,65544627
05/05/2017,8.84,8.87,8.75,8.82,7.057267,149421195
08/05/2017,8.91,8.95,8.82,8.83,7.065269,72100457
09/05/2017,8.83,8.94,8.83,8.91,7.12928,49843501
10/05/2017,8.88,8.94,8.87,8.9,7.12128,73855151
11/05/2017,8.98,9.06,8.92,9.01,7.209296,92465126
12/05/2017,9.03,9.1,9.02,9.06,7.249303,42371958
15/05/2017,9.12,9.24,9.1,9.2,7.361322,115274869
16/05/2017,9.28,9.3,9.21,9.23,7.385327,57784944
17/05/2017,9.21,9.21,9.1,9.2,7.361322,52543543
18/05/2017,9.18,9.18,9.08,9.13,7.305313,42303056
19/05/2017,9.15,9.16,9.09,9.13,7.305313,34888647
22/05/2017,9.23,9.27,9.15,9.17,7.337317,53760753
23/05/2017,9.25,9.25,9.12,9.14,7.313314,60802686
24/05/2017,9.17,9.17,9.08,9.12,7.297311,43150177
25/05/2017,9.14,9.21,9.11,9.16,7.329317,36963132
26/05/2017,9.04,9.09,8.97,9.08,7.265305,92030064
29/05/2017,9,9.04,8.98,9.02,7.217298,66876525
31/05/2017,8.96,8.97,8.9,8.9,7.12128,102033291
01/06/2017,8.88,8.92,8.87,8.9,7.12128,52018862
02/06/2017,8.91,8.96,8.9,8.93,7.145284,41871583
05/06/2017,8.88,9.06,8.88,8.98,7.185291,73466794
06/06/2017,8.95,8.96,8.91,8.94,7.153285,46563071
07/06/2017,8.93,8.99,8.91,8.97,7.177289,47500313
08/06/2017,8.7,8.71,8.56,8.69,7.136229,80032762
09/06/2017,8.68,8.68,8.6,8.66,7.111594,89421716
12/06/2017,8.65,8.7,8.61,8.65,7.103381,61359386
13/06/2017,8.65,8.78,8.65,8.69,7.136229,69381919
14/06/2017,8.75,8.78,8.68,8.75,7.185501,65873314
15/06/2017,8.65,8.65,8.59,8.62,7.078745,63563362
16/06/2017,8.6,8.63,8.58,8.63,7.086958,53962144
19/06/2017,8.63,8.71,8.6,8.64,7.09517,55367748
20/06/2017,8.66,8.7,8.6,8.62,7.078745,31256967
21/06/2017,8.55,8.57,8.52,8.56,7.029474,53836326
22/06/2017,8.5,8.54,8.5,8.53,7.004837,58047295
23/06/2017,8.49,8.53,8.49,8.52,6.996626,47759146
26/06/2017,8.6,8.6,8.51,8.54,7.013049,46226824
27/06/2017,8.57,8.57,8.45,8.5,6.980202,53870652
28/06/2017,8.5,8.58,8.48,8.53,7.004837,69174874
29/06/2017,8.59,8.6,8.53,8.54,7.013049,37258440
30/06/2017,8.54,8.59,8.48,8.55,7.021261,65221260
03/07/2017,8.55,8.57,8.48,8.53,7.004837,67770580
04/07/2017,8.58,8.92,8.56,8.64,7.09517,164997971
05/07/2017,8.68,8.8,8.68,8.73,7.169077,83379849
06/07/2017,8.64,8.68,8.59,8.65,7.103381,62926898
07/07/2017,8.55,8.61,8.55,8.58,7.045897,40438756
10/07/2017,8.54,8.54,8.48,8.52,6.996626,58764157
11/07/2017,8.49,8.56,8.49,8.54,7.013049,40265728
12/07/2017,8.6,8.69,8.58,8.6,7.062322,57737338
13/07/2017,8.69,8.72,8.66,8.67,7.119805,48347904
14/07/2017,8.69,8.76,8.66,8.69,7.136229,43631279
17/07/2017,8.74,8.76,8.66,8.7,7.144441,43485404
18/07/2017,8.7,8.72,8.64,8.69,7.136229,34883449
19/07/2017,8.68,8.73,8.67,8.71,7.152654,34159684
20/07/2017,8.78,8.78,8.71,8.73,7.169077,58552197
21/07/2017,8.73,8.76,8.66,8.7,7.144441,37992429
24/07/2017,8.65,8.66,8.58,8.62,7.078745,77069622
25/07/2017,8.6,8.62,8.56,8.57,7.037685,45411186
26/07/2017,8.75,8.83,8.7,8.77,7.201926,130289646
27/07/2017,8.84,8.87,8.77,8.77,7.201926,48064971
28/07/2017,8.76,8.76,8.69,8.72,7.160865,36272281
31/07/2017,8.75,8.8,8.7,8.74,7.177289,49236815
01/08/2017,8.84,8.84,8.76,8.77,7.201926,74176559
02/08/2017,8.8,8.8,8.68,8.75,7.185501,60720096
03/08/2017,8.75,8.79,8.72,8.74,7.177289,35233998
04/08/2017,8.75,8.77,8.66,8.7,7.144441,41918399
07/08/2017,8.7,8.74,8.67,8.69,7.136229,39509930
08/08/2017,8.74,8.84,8.74,8.81,7.234775,84490706
09/08/2017,8.8,8.81,8.76,8.78,7.210138,45759108
10/08/2017,8.8,8.83,8.71,8.79,7.218349,45047399
11/08/2017,8.74,8.79,8.67,8.73,7.169077,71867419
14/08/2017,8.78,8.78,8.68,8.71,7.152654,32368572
15/08/2017,8.65,8.7,8.56,8.58,7.045897,93206675
16/08/2017,8.56,8.61,8.56,8.6,7.062322,32139673
17/08/2017,8.61,8.76,8.61,8.71,7.152654,107666816
18/08/2017,8.69,8.75,8.66,8.68,7.128017,66461997
21/08/2017,8.68,9.04,8.68,9,7.390801,213313118
22/08/2017,9,9.13,8.96,9.08,7.456497,113114146
23/08/2017,9.08,9.08,9.08,9.08,7.456497,0
24/08/2017,9.15,9.17,8.97,9.11,7.481133,120129503
25/08/2017,9.49,9.49,9.31,9.36,7.686433,305008534
28/08/2017,9.5,9.5,9.32,9.38,7.702857,125221847
29/08/2017,9.43,9.43,9.28,9.32,7.653584,78996502
30/08/2017,9.41,9.48,9.38,9.44,7.75213,114457772
31/08/2017,9.44,9.46,9.32,9.36,7.686433,68639734
01/09/2017,9.45,9.49,9.39,9.41,7.727492,70078396
04/09/2017,9.48,9.48,9.33,9.4,7.719282,54831183
05/09/2017,9.4,9.44,9.36,9.44,7.75213,31502744
06/09/2017,9.44,9.5,9.36,9.46,7.768554,75213853
07/09/2017,9.35,9.43,9.25,9.26,7.768554,72545951
08/09/2017,9.38,9.4,9.25,9.29,7.793722,54307243
11/09/2017,9.36,9.37,9.27,9.27,7.776943,44526616
12/09/2017,9.37,9.37,9.13,9.23,7.743385,58210007
13/09/2017,9.3,9.3,9.12,9.2,7.718217,57979330
14/09/2017,9.3,9.3,9.23,9.24,7.751775,62905212
15/09/2017,9.35,9.54,9.3,9.49,7.961508,138342246
18/09/2017,9.57,9.63,9.52,9.55,8.011846,106266288
19/09/2017,9.59,9.59,9.45,9.49,7.961508,44640687
20/09/2017,9.5,9.54,9.4,9.51,7.978289,38761416
21/09/2017,9.55,9.65,9.52,9.58,8.037013,53144867
22/09/2017,9.61,9.62,9.47,9.5,7.969898,30809235
25/09/2017,9.52,9.55,9.31,9.52,7.986677,68346410
26/09/2017,9.67,9.9,9.65,9.9,8.305472,204441632
27/09/2017,9.9,9.92,9.8,9.92,8.322251,130312459
28/09/2017,9.93,9.96,9.87,9.87,8.280304,102319100
29/09/2017,9.91,10.1,9.83,10.08,8.456482,138020949
03/10/2017,10,10.1,9.99,10.08,8.456482,114525194
04/10/2017,10.08,10.16,9.94,10.06,8.439704,82458905
06/10/2017,10.18,10.18,10.02,10.1,8.473261,92086313
09/10/2017,9.92,10,9.92,10,8.389366,41509296
10/10/2017,10.1,10.1,9.96,10,8.389366,58909044
11/10/2017,10.16,10.24,10.12,10.2,8.557154,93208613
12/10/2017,10.22,10.24,9.96,9.96,8.355808,82573286
13/10/2017,9.98,10.14,9.98,10.08,8.456482,55211935
16/10/2017,10.08,10.24,10,10.1,8.473261,67168665
17/10/2017,10.14,10.2,10.04,10.2,8.557154,55164787
18/10/2017,10.2,10.22,10.06,10.16,8.523597,51573581
19/10/2017,10.22,10.22,9.93,10,8.389366,60323066
20/10/2017,10.06,10.06,9.92,9.96,8.355808,67581450
23/10/2017,9.99,10.02,9.82,9.89,8.297084,57932285
24/10/2017,9.89,9.98,9.82,9.91,8.313863,65815621
25/10/2017,9.97,10.18,9.97,10.16,8.523597,80656649
26/10/2017,10.02,10.14,9.99,10.1,8.473261,87678401
27/10/2017,10.1,10.14,10.02,10.1,8.473261,59808816
30/10/2017,10.26,10.58,10.22,10.48,8.792057,192398263
31/10/2017,10.66,10.68,10.54,10.62,8.909508,127600991
01/11/2017,10.7,10.78,10.54,10.6,8.892729,73676362
02/11/2017,10.78,11.04,10.72,10.96,9.194747,162905863
03/11/2017,11.1,11.12,10.84,10.86,9.110851,52941709
06/11/2017,11,11.1,10.72,11.02,9.245082,87100732
07/11/2017,11.2,11.24,11.08,11.14,9.345756,81980428
08/11/2017,11.2,11.28,10.92,10.96,9.194747,62907132
09/11/2017,11.16,11.16,11,11.12,9.328975,78046879
10/11/2017,11.14,11.2,11.04,11.1,9.312197,60701899
13/11/2017,11.1,11.2,11,11.06,9.27864,63123993
14/11/2017,11.02,11.04,10.76,10.9,9.14441,50738049
15/11/2017,10.68,10.74,10.5,10.58,8.87595,84693971
16/11/2017,10.46,10.7,10.44,10.6,8.892729,49007347
17/11/2017,10.68,10.7,10.52,10.6,8.892729,72171015
20/11/2017,10.6,10.62,10.5,10.56,8.859172,41553255
21/11/2017,10.42,10.62,10.42,10.62,8.909508,63990425
22/11/2017,10.7,10.84,10.64,10.76,9.026959,60837637
23/11/2017,10.82,10.94,10.74,10.8,9.060515,64827519
24/11/2017,10.8,10.92,10.62,10.74,9.01018,54047122
27/11/2017,10.62,10.8,10.6,10.72,8.993402,58931171
28/11/2017,10.72,10.72,10.46,10.58,8.87595,66913821
29/11/2017,10.7,10.86,10.6,10.8,9.060515,81597534
30/11/2017,10.78,10.78,10.58,10.58,8.87595,66214257
01/12/2017,10.64,10.74,10.58,10.7,8.976623,37998297
04/12/2017,10.84,10.98,10.78,10.86,9.110851,65822487
05/12/2017,10.86,10.98,10.84,10.92,9.16119,55116665
06/12/2017,10.86,10.86,10.52,10.58,8.87595,75838763
07/12/2017,10.46,10.6,10.44,10.5,8.808835,51488359
08/12/2017,10.44,10.56,10.28,10.48,8.792057,57623386
11/12/2017,10.54,10.78,10.54,10.6,8.892729,52734740
12/12/2017,10.88,11.08,10.7,10.98,9.211523,101936343
13/12/2017,11.02,11.14,10.88,11.1,9.312197,69028485
14/12/2017,11.12,11.16,10.96,11.1,9.312197,38735261
15/12/2017,11,11.08,10.8,10.9,9.14441,83155253
18/12/2017,10.76,10.94,10.68,10.88,9.12763,44171662
19/12/2017,10.94,10.96,10.82,10.9,9.14441,49375059
20/12/2017,10.76,10.9,10.76,10.88,9.12763,39627592
21/12/2017,10.9,11.06,10.86,10.94,9.177966,48884938
22/12/2017,11.04,11.08,10.94,11.08,9.295418,53253387
27/12/2017,11.16,11.38,11.14,11.28,9.463205,68942136
28/12/2017,11.24,11.38,11.2,11.3,9.479984,53181713
29/12/2017,11.4,11.4,11.14,11.22,9.412868,58511837
02/01/2018,11.22,11.56,11.22,11.52,9.66455,54112836
03/01/2018,11.52,11.62,11.42,11.62,9.748445,49912747
04/01/2018,11.86,12.18,11.82,12.06,10.117576,139900686
05/01/2018,12.06,12.16,11.98,12.16,10.201469,88655427
08/01/2018,12.1,12.38,11.92,12,10.06724,76826642
09/01/2018,12.04,12.18,11.9,12.02,10.084018,79366381
10/01/2018,12.2,12.46,12.18,12.22,10.251806,91489623
11/01/2018,12.16,12.3,12.08,12.2,10.235026,84158012
12/01/2018,12.3,12.6,12.28,12.5,10.48671,116728994
15/01/2018,12.86,12.86,12.2,12.32,10.3357,78015451
16/01/2018,12.5,12.62,12.36,12.54,10.520266,52631294
17/01/2018,12.4,12.4,12.12,12.36,10.369257,66244503
18/01/2018,12.42,12.44,12.2,12.26,10.285364,58067665
19/01/2018,12.36,12.36,12.04,12.14,10.184691,58300634
22/01/2018,12.2,12.42,12.04,12.34,10.352479,80013417
23/01/2018,12.32,12.46,12.2,12.44,10.43637,70008206
24/01/2018,12.44,12.84,12.36,12.82,10.755168,127966071
25/01/2018,12.9,13.16,12.86,12.9,10.822282,120518331
26/01/2018,12.96,12.96,12.42,12.74,10.688053,110237871
29/01/2018,12.8,12.94,12.6,12.68,10.637717,94153844
30/01/2018,12.5,12.66,12.26,12.32,10.3357,105708890
31/01/2018,12.14,12.28,11.94,12.18,10.218248,100099893
01/02/2018,12.22,12.44,12.02,12.08,10.134356,46260215
02/02/2018,12.48,12.72,12.12,12.66,10.620938,116633560
05/02/2018,12.2,12.44,12.16,12.38,10.386037,78393990
06/02/2018,11.7,11.82,11.52,11.74,9.849115,132710761
07/02/2018,11.82,12.04,11.62,11.72,9.832336,93878095
08/02/2018,11.46,11.64,11.36,11.5,9.647772,67419209
09/02/2018,11.16,11.2,10.94,11.16,9.362534,150223046
12/02/2018,10.98,11.06,10.86,10.92,9.16119,99036696
13/02/2018,11.16,11.28,10.86,10.94,9.177966,133542576
14/02/2018,11.04,11.18,10.94,11.04,9.261861,64360422
15/02/2018,11.28,11.52,11.26,11.4,9.563878,82434355
20/02/2018,11.68,11.68,11.28,11.34,9.513542,79975735
21/02/2018,11.48,11.7,11.44,11.64,9.765223,61931562
22/02/2018,11.36,11.54,11.32,11.38,9.5471,48704305
23/02/2018,11.6,11.62,11.42,11.54,9.681329,53710823
26/02/2018,11.76,11.78,11.54,11.68,9.798779,63847364
27/02/2018,11.92,11.92,11.5,11.62,9.748445,63476885
28/02/2018,11.4,11.5,11.2,11.4,9.563878,76767582
01/03/2018,11.34,11.34,11.1,11.26,9.446427,57310331
02/03/2018,11.28,11.28,11.06,11.1,9.312197,132154068
05/03/2018,11.1,11.2,10.72,10.82,9.077294,98757944
06/03/2018,11.12,11.36,11.08,11.26,9.446427,97539630
07/03/2018,11.3,11.32,10.98,11.02,9.245082,74647843
08/03/2018,11.08,11.08,10.9,11.06,9.27864,56519752
09/03/2018,11.2,11.28,11.02,11.28,9.463205,50134454
12/03/2018,11.64,11.64,11.44,11.58,9.714888,67723420
13/03/2018,11.46,11.48,11.24,11.36,9.53032,60729816
14/03/2018,11.2,11.34,11.14,11.32,9.496762,49294286
15/03/2018,11.14,11.38,11.06,11.28,9.463205,77354508
16/03/2018,11.14,11.22,11.1,11.22,9.412868,54786218
19/03/2018,11.22,11.44,11.06,11.34,9.513542,47443102
20/03/2018,11.34,11.54,11.28,11.42,9.580658,46913959
21/03/2018,11.7,11.88,11.6,11.64,9.765223,67229483
22/03/2018,11.98,12.04,11.68,11.7,9.815559,68120448
23/03/2018,11.34,11.6,11.2,11.5,9.647772,103894898
26/03/2018,11.54,11.76,11.36,11.74,9.849115,88649658
27/03/2018,11.9,11.9,11.7,11.74,9.849115,35812668
28/03/2018,11.74,11.76,11.42,11.62,9.748445,65180233
29/03/2018,11.52,11.64,11.32,11.56,9.698107,63972987
03/04/2018,11.3,11.42,11.08,11.14,9.345756,89010344
04/04/2018,11.22,11.28,10.94,10.94,9.177966,63345724
06/04/2018,11.16,11.28,11.04,11.18,9.379313,104476035
09/04/2018,11.4,11.46,11.06,11.28,9.463205,60717303
10/04/2018,11.38,11.64,11.26,11.54,9.681329,77642391
11/04/2018,11.88,12.06,11.84,12.02,10.084018,109147528
12/04/2018,12.34,12.68,12.26,12.46,10.453151,149146351
13/04/2018,12.46,12.48,12.16,12.3,10.318921,64243082
16/04/2018,12.3,12.5,12.16,12.28,10.302142,98002991
17/04/2018,12.38,12.54,12.2,12.48,10.46993,94362633
18/04/2018,12.8,12.8,12.58,12.68,10.637717,83628849
19/04/2018,12.96,13.26,12.9,13.24,11.107521,139713744
20/04/2018,13.12,13.16,12.82,12.92,10.839062,68980818
23/04/2018,12.88,12.96,12.66,12.8,10.738389,71420730
24/04/2018,13,13.16,12.74,12.9,10.822282,96647716
25/04/2018,12.82,12.96,12.68,12.9,10.822282,79755091
26/04/2018,13.12,13.14,12.76,12.84,10.771947,71225326
27/04/2018,13.26,13.26,13.02,13.2,11.073965,75174787
30/04/2018,13.4,13.4,13.16,13.16,11.040407,64052177
02/05/2018,13.3,13.38,13.12,13.28,11.141078,76537016
03/05/2018,13.08,13.16,12.82,13,10.906178,75147654
04/05/2018,13.08,13.24,12.92,13.06,10.956513,64805598
07/05/2018,13.4,13.52,13.32,13.46,11.292088,87036484
08/05/2018,13.48,13.5,13.12,13.22,11.090743,55378921
09/05/2018,13.34,13.56,13.34,13.52,11.342423,43703858
10/05/2018,13.76,14.04,13.74,13.9,11.66122,113141191
11/05/2018,13.94,13.98,13.7,13.86,11.627662,58031551
14/05/2018,14,14,13.66,13.98,11.728334,68631593
15/05/2018,14,14.1,13.94,14.04,11.778669,56198782
16/05/2018,14.18,14.24,13.88,14.24,11.946459,66654824
17/05/2018,14.32,14.36,13.98,13.98,11.728334,52281295
18/05/2018,14.04,14.5,14,14.46,12.131023,84672044
21/05/2018,14.5,14.64,14.48,14.52,12.181362,73729958
23/05/2018,14.56,14.56,13.62,13.64,11.443097,127962836
24/05/2018,13.68,13.78,13.52,13.6,11.40954,90427876
25/05/2018,13.4,13.46,13.06,13.12,11.006849,95751234
28/05/2018,12.84,13,12.5,13,10.906178,134342293
29/05/2018,12.8,13.02,12.72,12.78,10.72161,54705539
30/05/2018,12.7,12.92,12.64,12.88,10.805504,78911768
31/05/2018,13.26,13.3,13,13.2,11.073965,124819769
01/06/2018,13.3,13.7,13.18,13.7,11.493433,189910247
04/06/2018,13.68,13.8,13.48,13.6,11.40954,78662701
05/06/2018,13.46,13.68,13.24,13.6,11.40954,77356223
06/06/2018,13.54,13.76,13.46,13.66,11.459874,66830757
07/06/2018,13.52,13.6,13.38,13.46,11.545652,66626819
08/06/2018,13.54,13.56,13.12,13.2,11.322631,81400028
11/06/2018,13.12,13.5,12.92,13.44,11.528496,72124210
12/06/2018,13.42,13.98,13.42,13.66,11.717208,66791632
13/06/2018,13.5,13.64,13.32,13.38,11.47703,42510724
14/06/2018,13.26,13.58,12.96,13.08,11.219697,57280575
15/06/2018,12.88,13.04,12.84,12.94,11.099609,88773445
19/06/2018,13.2,13.2,12.32,12.54,10.756498,118457945
20/06/2018,12.6,12.92,12.52,12.86,11.030987,73446887
21/06/2018,12.94,12.94,12.38,12.44,10.670721,86799182
22/06/2018,12.44,12.7,12.2,12.34,10.584945,113007584
25/06/2018,12.9,12.96,12.56,12.64,10.842277,134913371
26/06/2018,12.76,12.82,12.26,12.58,10.79081,63672437
27/06/2018,13.08,13.34,12.88,12.98,11.13392,120753633
28/06/2018,13.46,13.68,13.32,13.48,11.562806,102438386
29/06/2018,13.24,13.54,13.2,13.54,11.614274,84509107
03/07/2018,13.2,13.4,12.8,13.32,11.425563,73211598
04/07/2018,13.26,13.3,12.82,12.88,11.048142,63135184
05/07/2018,12.74,12.96,12.44,12.56,10.773655,72615367
06/07/2018,12.5,12.7,12.42,12.58,10.79081,91222148
09/07/2018,12.74,12.82,12.66,12.72,10.910899,41812152
10/07/2018,12.9,13.22,12.82,13.04,11.185387,58280414
11/07/2018,12.78,13.1,12.7,12.96,11.116764,52474082
12/07/2018,12.84,13.04,12.6,12.94,11.099609,58052015
13/07/2018,12.86,13.02,12.82,12.88,11.048142,57408907
16/07/2018,12.82,13.06,12.72,13,11.151076,39682987
17/07/2018,12.7,12.76,12.54,12.56,10.773655,53408863
18/07/2018,12.52,12.66,12.16,12.4,10.636411,102648913
19/07/2018,12.6,12.64,12.24,12.3,10.550633,32086274
20/07/2018,12.3,12.4,12.18,12.34,10.584945,70234928
23/07/2018,12.4,12.7,12.4,12.48,10.705032,42641510
24/07/2018,12.32,12.6,12.32,12.44,10.670721,53494640
25/07/2018,12.82,12.92,12.6,12.88,11.048142,65501509
26/07/2018,13,13.06,12.72,12.84,11.013832,41778610
27/07/2018,12.7,12.84,12.6,12.82,10.996676,35170070
30/07/2018,12.68,12.94,12.6,12.92,11.082455,35269606
31/07/2018,13.04,13.24,12.98,13.12,11.254008,63082341
01/08/2018,13.3,13.3,12.88,12.98,11.13392,33291731
02/08/2018,12.72,12.84,12.52,12.56,10.773655,46968855
03/08/2018,12.46,12.7,12.34,12.4,10.636411,46854410
06/08/2018,12.42,12.7,12.4,12.52,10.739343,38078166
07/08/2018,12.46,12.96,12.46,12.88,11.048142,40957836
08/08/2018,13.26,13.26,12.98,13.08,11.219697,60225799
09/08/2018,12.74,13.08,12.62,12.96,11.116764,45572388
10/08/2018,13,13.04,12.64,12.76,10.94521,65682351
13/08/2018,12.52,12.74,12.46,12.5,10.722188,41779150
14/08/2018,12.74,12.74,12.36,12.5,10.722188,51111791
15/08/2018,12.36,12.5,12.12,12.26,10.516322,56943763
16/08/2018,11.94,12.2,11.92,11.98,10.276145,67566038
17/08/2018,12.08,12.24,11.94,11.98,10.276145,59206935
20/08/2018,12.04,12.42,12.02,12.38,10.619256,51727838
21/08/2018,12.5,12.64,12.34,12.5,10.722188,48172477
22/08/2018,12.86,12.88,12.6,12.82,10.996676,56274278
23/08/2018,12.98,13,12.7,12.84,11.013832,54226546
24/08/2018,12.82,13.54,12.76,13.34,11.442719,129151539
27/08/2018,13.54,13.68,13.48,13.62,11.682896,62047613
28/08/2018,13.88,13.92,13.74,13.84,11.871607,69512930
29/08/2018,13.9,13.92,13.7,13.86,11.888762,60364762
30/08/2018,13.96,14,13.74,13.84,11.871607,36602997
31/08/2018,13.68,13.88,13.64,13.88,11.905918,62018530
03/09/2018,13.8,14,13.76,13.84,11.871607,38710517
04/09/2018,13.74,13.96,13.68,13.96,11.97454,31042102
05/09/2018,13.96,13.98,13.4,13.42,11.511341,48122409
06/09/2018,13.12,13.48,13.12,13.44,11.792106,52789291
07/09/2018,13.38,13.88,13.24,13.86,12.160609,153455370
10/09/2018,13.86,13.86,13.56,13.7,12.020226,86421399
11/09/2018,13.78,14.08,13.6,13.96,12.248348,86495476
12/09/2018,14.2,14.26,14.02,14.16,12.423826,88501601
13/09/2018,14.32,14.76,14.3,14.72,12.915164,104214944
14/09/2018,14.72,14.72,14.38,14.62,12.827425,73348534
17/09/2018,14.44,14.62,14.4,14.5,12.722138,59698077
18/09/2018,14.5,14.7,14.32,14.58,12.792329,42149207
19/09/2018,14.8,14.98,14.68,14.94,13.108189,52664451
20/09/2018,14.94,14.94,14.46,14.68,12.880068,53675921
21/09/2018,14.44,14.52,14.14,14.14,12.40628,119781776
24/09/2018,14.18,14.4,14.1,14.22,12.476469,61359216
26/09/2018,14.8,14.94,14.66,14.84,13.020451,79163282
27/09/2018,14.86,14.96,14.8,14.94,13.108189,76306062
28/09/2018,15,15.58,14.94,15.5,13.599528,131120508
02/10/2018,15.5,15.78,15.42,15.64,13.722362,135935573
03/10/2018,15.56,15.68,15.38,15.58,13.669719,86600161
04/10/2018,15.3,15.4,14.84,15.04,13.195928,102048967
05/10/2018,14.72,14.9,14.58,14.82,13.002902,72807292
08/10/2018,14.72,14.78,14.3,14.4,12.634399,162792528
09/10/2018,14.52,15.02,14.5,14.7,12.897615,71865580
10/10/2018,14.84,15.16,14.78,14.84,13.020451,47971235
11/10/2018,13.9,14.38,13.84,14.28,12.529112,115263700
12/10/2018,14.4,14.56,13.92,14.5,12.722138,88816626
15/10/2018,14.5,14.82,14.4,14.58,12.792329,60745269
16/10/2018,14.6,15.18,14.6,14.92,13.090641,62616259
18/10/2018,14.62,14.66,14.34,14.62,12.827425,81958744
19/10/2018,14.28,14.44,14.08,14.08,12.353635,88991758
22/10/2018,14.16,14.66,14.12,14.54,12.757235,78787633
23/10/2018,14.22,14.4,14.02,14.12,12.388731,38438568
24/10/2018,13.66,14.06,13.28,13.58,11.914941,118101750
25/10/2018,13.1,13.18,12.9,13.18,11.563985,119410576
26/10/2018,13.56,13.64,13.34,13.4,11.75701,81496556
29/10/2018,13.52,13.6,13.32,13.4,11.75701,57304352
30/10/2018,13.24,13.72,13.24,13.56,11.897393,73362260
31/10/2018,13.48,13.58,13.22,13.46,11.809654,118737136
01/11/2018,13.54,13.58,13.32,13.44,11.792106,68352129
02/11/2018,13.28,13.7,13.24,13.58,11.914941,150558040
05/11/2018,13.58,13.58,13.38,13.52,11.862297,65691263
06/11/2018,13.6,13.92,13.5,13.9,12.195705,46157074
07/11/2018,13.92,14,13.66,13.86,12.160609,63577392
08/11/2018,14,14.44,13.86,14.16,12.423826,67063926
09/11/2018,13.78,13.82,13.38,13.54,11.879846,81766823
12/11/2018,13.54,13.76,13.5,13.74,12.055323,53163029
13/11/2018,13.16,13.44,13.1,13.32,11.686819,74311474
14/11/2018,12.74,12.8,12.6,12.7,11.142838,116089479
15/11/2018,12.88,13,12.82,12.96,11.370958,73985606
16/11/2018,13.1,13.12,12.78,13.1,11.493794,55098776
19/11/2018,13.28,13.4,13.12,13.34,11.704368,57991375
20/11/2018,13.26,13.26,12.96,13.04,11.441151,53949101
21/11/2018,12.4,12.76,12.38,12.72,11.160386,86674121
22/11/2018,12.8,12.94,12.68,12.82,11.248124,39120988
23/11/2018,12.78,12.86,12.56,12.66,11.107742,30800119
26/11/2018,12.48,12.78,12.36,12.78,11.213029,86874223
27/11/2018,12.66,12.7,12.44,12.52,10.984907,65854402
28/11/2018,12.7,12.86,12.62,12.8,11.230577,98193657
29/11/2018,12.88,12.88,12.7,12.82,11.248124,51212415
30/11/2018,12.98,13.36,12.9,13.3,11.669271,103326323
03/12/2018,14.08,14.08,13.56,13.7,12.020226,117060549
04/12/2018,13.68,13.84,13.58,13.84,12.143063,74504070
05/12/2018,13.54,13.58,13.3,13.32,11.686819,58023863
06/12/2018,12.94,13.28,12.76,13.06,11.458698,59319723
07/12/2018,12.7,12.9,12.64,12.78,11.213029,152670500
10/12/2018,12.76,13.08,12.74,12.82,11.248124,85219539
11/12/2018,12.66,12.84,12.66,12.74,11.177933,42204988
12/12/2018,12.98,13.04,12.7,12.74,11.177933,67573794
13/12/2018,12.78,13.08,12.76,13.06,11.458698,46772280
14/12/2018,12.9,13.06,12.78,12.8,11.230577,59130595
17/12/2018,12.72,12.8,12.68,12.68,11.125291,37519342
18/12/2018,12.52,12.62,12.12,12.16,10.669048,76922327
19/12/2018,11.66,11.92,11.66,11.88,10.42338,72927976
20/12/2018,11.64,11.8,11.5,11.72,10.282998,72833039
21/12/2018,11.54,11.72,11.5,11.68,10.247902,63253972
24/12/2018,11.46,11.74,11.46,11.7,10.26545,22755123
27/12/2018,11.88,12.1,11.7,11.76,10.318092,53929037
28/12/2018,11.84,12.08,11.76,11.98,10.511118,41920750
31/12/2018,12.06,12.18,11.92,12.1,10.616405,29011104
02/01/2019,12.18,12.18,11.2,11.32,9.932042,67599542
03/01/2019,11.56,11.7,11.34,11.48,10.072423,61289951
04/01/2019,11.58,12.08,11.5,12.08,10.598858,70309213
07/01/2019,12.48,12.48,12.16,12.38,10.862075,76167356
08/01/2019,12.3,12.48,12.24,12.44,10.914718,55226961
09/01/2019,12.58,13.06,12.56,12.72,11.160386,107501687
10/01/2019,12.74,12.84,12.62,12.82,11.248124,55718354
11/01/2019,12.78,12.86,12.56,12.82,11.248124,64902867
14/01/2019,12.58,12.68,12.16,12.22,10.721691,57949582
15/01/2019,12.58,12.72,12.4,12.72,11.160386,47620565
16/01/2019,12.7,12.82,12.52,12.7,11.142838,37413388
17/01/2019,12.86,12.86,12.42,12.66,11.107742,42492375
18/01/2019,12.7,12.94,12.64,12.92,11.335864,43712947
21/01/2019,12.92,13.18,12.86,13.12,11.511341,41876880
22/01/2019,13.08,13.12,12.74,12.94,11.353412,39291557
23/01/2019,12.92,12.92,12.62,12.62,11.072646,54794071
24/01/2019,12.62,12.86,12.58,12.8,11.230577,46724607
25/01/2019,12.94,13.1,12.76,13.06,11.458698,52236387
28/01/2019,13.18,13.18,12.9,13.04,11.441151,37525971
29/01/2019,12.74,12.86,12.58,12.64,11.090195,89318019
30/01/2019,12.88,12.88,12.68,12.8,11.230577,52027941
31/01/2019,12.92,13.16,12.88,13.12,11.511341,67671807
01/02/2019,13.2,13.28,13.12,13.22,11.59908,45391939
04/02/2019,13.2,13.26,13.12,13.2,11.581532,24630150
08/02/2019,12.94,12.98,12.7,12.88,11.300769,59759890
11/02/2019,12.88,12.92,12.74,12.9,11.318316,48040104
12/02/2019,12.98,13.1,12.9,13.08,11.476246,49248985
13/02/2019,13.38,13.46,13.16,13.38,11.739463,48976923
14/02/2019,13.3,13.48,13.26,13.46,11.809654,41895045
15/02/2019,13.26,13.46,13.16,13.28,11.651724,34067315
18/02/2019,13.46,13.88,13.4,13.68,12.00268,52111854
19/02/2019,13.6,13.82,13.58,13.76,12.072871,33452704
20/02/2019,13.78,13.98,13.76,13.92,12.213252,50369908
21/02/2019,13.88,14.14,13.8,13.94,12.230801,46626861
22/02/2019,13.82,14.04,13.58,14.04,12.31854,46110620
25/02/2019,14.02,14.06,13.64,13.9,12.195705,72443253
26/02/2019,13.68,13.76,13.46,13.7,12.020226,84742319
27/02/2019,13.52,13.86,13.52,13.68,12.00268,42259892
28/02/2019,13.52,13.68,13.52,13.54,11.879846,50165189
01/03/2019,13.54,13.78,13.52,13.64,11.967585,36326807
04/03/2019,13.52,13.88,13.42,13.76,12.072871,78586445
05/03/2019,13.66,13.66,13.42,13.56,11.897393,37393901
06/03/2019,13.44,13.5,13.26,13.36,11.721915,47264449
07/03/2019,13.26,13.46,13.22,13.32,11.686819,39846092
08/03/2019,13.12,13.3,13.1,13.28,11.651724,99613097
11/03/2019,13.08,13.24,13.08,13.24,11.616629,43541860
12/03/2019,13.28,13.44,13.28,13.36,11.721915,29755414
13/03/2019,13.32,13.48,13.22,13.26,11.634176,38793225
14/03/2019,13.54,13.88,13.5,13.76,12.072871,57893616
15/03/2019,13.78,14.18,13.68,14.16,12.423826,80556244
18/03/2019,14.08,14.08,13.7,14.02,12.300992,60399231
19/03/2019,14,14.1,13.72,13.88,12.178158,61590573
20/03/2019,13.84,14,13.76,13.82,12.125513,30624767
21/03/2019,13.98,14.18,13.84,14.02,12.300992,46524085
22/03/2019,14.16,14.28,13.92,14.1,12.371184,44672013
25/03/2019,13.7,13.74,13.36,13.52,11.862297,51455755
26/03/2019,13.74,13.88,13.7,13.82,12.125513,45416476
27/03/2019,14.08,14.36,14,14.36,12.599303,63575920
28/03/2019,14.46,14.46,14.16,14.32,12.564208,45546436
29/03/2019,14.48,14.7,14.36,14.7,12.897615,60886082
01/04/2019,14.86,15.14,14.8,14.94,13.108189,51865990
02/04/2019,14.86,14.98,14.58,14.7,12.897615,56911457
03/04/2019,14.68,14.72,14.5,14.64,12.844974,61982948
04/04/2019,14.48,14.56,14.3,14.4,12.634399,45382002
08/04/2019,14.8,14.9,14.6,14.9,13.073093,66073125
09/04/2019,15,15.12,14.9,15.04,13.195928,50288942
10/04/2019,14.92,15,14.82,14.92,13.090641,39662347
11/04/2019,14.84,14.96,14.42,14.58,12.792329,70359219
12/04/2019,14.38,14.72,14.38,14.72,12.915164,45665438
15/04/2019,14.8,14.94,14.64,14.74,12.932712,41863123
16/04/2019,14.68,14.96,14.62,14.9,13.073093,39455198
17/04/2019,14.96,14.96,14.72,14.84,13.020451,42278314
18/04/2019,14.84,14.9,14.62,14.74,12.932712,37425273
23/04/2019,15,15.06,14.84,14.96,13.125737,61208789
24/04/2019,15.04,15.04,14.64,14.72,12.915164,49029576
25/04/2019,14.62,14.68,14.42,14.66,12.862519,57123034
26/04/2019,14.5,14.54,14.34,14.42,12.651947,55231621
29/04/2019,14.58,14.68,14.36,14.68,12.880068,37206998
30/04/2019,14.8,14.8,14.1,14.18,12.441373,53800219
02/05/2019,13.96,14.1,13.82,13.9,12.195705,80272767
03/05/2019,13.62,13.88,13.52,13.68,12.00268,55808288
06/05/2019,13.4,13.72,13.4,13.48,11.827201,81632556
07/05/2019,13.7,13.96,13.7,13.9,12.195705,67467981
08/05/2019,13.7,13.84,13.6,13.66,11.985132,45619563
09/05/2019,13.52,13.7,13.3,13.34,11.704368,53979906
10/05/2019,13.6,13.66,13.34,13.38,11.739463,61378602
14/05/2019,13.12,13.4,13.1,13.18,11.563985,58160484
15/05/2019,13.1,13.6,13.1,13.36,11.721915,58497982
16/05/2019,13.3,13.64,13.24,13.58,11.914941,52155647
17/05/2019,13.7,13.76,13.24,13.38,11.739463,36833152
20/05/2019,13.54,13.92,13.5,13.66,11.985132,55592487
21/05/2019,13.6,13.64,13.3,13.38,11.739463,51241160
22/05/2019,13.38,13.48,13.3,13.34,11.704368,27038539
23/05/2019,13.3,13.34,13.04,13.12,11.511341,36436119
24/05/2019,13,13.16,12.96,13.12,11.511341,40918662
27/05/2019,13.18,13.18,12.94,13.02,11.423603,22574763
28/05/2019,13.06,13.08,12.9,12.94,11.353412,78882647
29/05/2019,12.9,13.06,12.88,12.92,11.335864,38982161
30/05/2019,13.26,13.26,12.94,13.06,11.458698,39270998
31/05/2019,12.96,13.2,12.72,12.78,11.213029,48779535
03/06/2019,12.78,12.92,12.66,12.72,11.160386,38278691
04/06/2019,12.78,12.88,12.68,12.76,11.195481,38184654
05/06/2019,12.66,12.72,12.32,12.38,11.213598,34436909
06/06/2019,12.26,12.34,11.92,12.16,11.014326,51161927
10/06/2019,12.36,12.88,12.28,12.76,11.557795,58444842
11/06/2019,12.86,12.86,12.64,12.68,11.485332,37612882
12/06/2019,12.66,12.72,12.34,12.44,11.267944,43954115
13/06/2019,12.36,12.4,12.08,12.32,11.15925,53627785
14/06/2019,12.42,12.44,12.24,12.34,11.177367,54345410
17/06/2019,12.5,12.68,12.44,12.52,11.340407,46876107
18/06/2019,12.48,12.62,12.38,12.52,11.340407,29703843
19/06/2019,13.08,13.1,12.78,13.02,11.7933,59460621
20/06/2019,13.04,13.2,12.88,13.14,11.901994,52639016
21/06/2019,13.36,13.48,13.28,13.48,12.209958,74309197
24/06/2019,13.42,13.48,13.3,13.46,12.191844,35585882
25/06/2019,13.42,13.44,13.18,13.26,12.010688,42665405
26/06/2019,13.2,13.28,13.06,13.28,12.028802,31155368
27/06/2019,13.34,13.48,13.32,13.46,12.191844,29219591
28/06/2019,13.36,13.44,13.2,13.36,12.101265,42133780
02/07/2019,13.5,13.72,13.44,13.62,12.336769,47744674
03/07/2019,13.5,13.62,13.32,13.44,12.173728,49949959
04/07/2019,13.42,13.5,13.26,13.34,12.08315,23540966
05/07/2019,13.24,13.4,13.24,13.34,12.08315,13789711
08/07/2019,13.2,13.28,12.94,13.06,11.82953,41202649
09/07/2019,13.14,13.18,12.94,12.96,11.738952,24518698
10/07/2019,12.96,13.24,12.96,13.14,11.901994,28708769
11/07/2019,13.26,13.58,13.26,13.46,12.191844,30968740
12/07/2019,13.32,13.5,13.32,13.46,12.191844,24213800
15/07/2019,13.26,13.54,13.1,13.52,12.246191,34468145
16/07/2019,13.48,13.5,13.24,13.42,12.155612,29537714
17/07/2019,13.14,13.22,13.08,13.18,11.938224,39757625
18/07/2019,13.12,13.12,12.8,12.88,11.666489,67058034
19/07/2019,12.98,13.2,12.92,13.12,11.883877,40715629
22/07/2019,13.2,13.24,13,13.12,11.883877,42767319
23/07/2019,13.2,13.28,13.08,13.26,12.010688,25433677
24/07/2019,13.3,13.3,13.1,13.14,11.901994,22864246
25/07/2019,13.22,13.26,13.1,13.26,12.010688,18223042
26/07/2019,13.04,13.2,12.98,13.16,11.920108,34713536
29/07/2019,12.92,13.14,12.92,13.04,11.811415,22197424
30/07/2019,13,13.16,13,13.12,11.883877,24747860
31/07/2019,12.9,13.08,12.82,12.94,11.720836,37218899
01/08/2019,13.1,13.1,12.66,12.82,11.612142,59307340
02/08/2019,12.3,12.48,12.26,12.36,11.195482,60358277
05/08/2019,12,12.1,11.86,11.98,10.851284,48513513
06/08/2019,11.58,12.12,11.54,12.06,10.923748,73702793
07/08/2019,11.88,12,11.76,11.94,10.815053,49521451
08/08/2019,11.88,12.06,11.8,11.9,10.778821,50393161
09/08/2019,11.86,11.98,11.76,11.78,10.670127,36544710
12/08/2019,11.7,11.92,11.66,11.7,10.597665,29572853
13/08/2019,11.6,11.7,11.4,11.46,10.380277,49202663
14/08/2019,12,12,11.36,11.48,10.398392,45277850
15/08/2019,11.3,11.42,11.24,11.34,10.271583,53987841
16/08/2019,11.4,11.44,11.16,11.38,10.307815,59107416
19/08/2019,11.36,11.56,11.36,11.46,10.380277,44447898
20/08/2019,11.44,11.7,11.38,11.62,10.525203,47362527
21/08/2019,11.7,11.7,11.52,11.6,10.507087,32066421
22/08/2019,11.58,11.66,11.42,11.5,10.416509,54980661
23/08/2019,11.38,11.6,11.32,11.46,10.380277,37941363
26/08/2019,11,11.06,10.74,10.94,9.909268,85878068
27/08/2019,10.98,11.08,10.84,10.94,9.909268,71665077
28/08/2019,11.02,11.18,11,11.04,9.999847,39725938
29/08/2019,11.2,11.2,10.96,11.1,10.054195,61335567
30/08/2019,11.56,11.94,11.52,11.7,10.597665,132339575
02/09/2019,11.54,11.64,11.32,11.56,10.470856,77273268
03/09/2019,11.5,11.52,11.32,11.44,10.362161,33710058
04/09/2019,11.66,11.78,11.46,11.74,10.633897,63600180
05/09/2019,11.8,11.92,11.7,11.84,10.724475,63008743
06/09/2019,12,12.04,11.86,12,10.8694,61405168
09/09/2019,12.08,12.2,11.94,12.02,10.887516,32386850
10/09/2019,12.06,12.32,12.06,12.16,11.014326,56890730
11/09/2019,12.28,12.42,12.08,12.28,11.12302,72034716
12/09/2019,11.96,12.02,11.74,11.9,11.076479,54540378
13/09/2019,11.9,11.96,11.74,11.9,11.076479,39612423
16/09/2019,12.94,12.94,12.56,12.78,11.89558,154082030
17/09/2019,12.9,12.92,12.72,12.86,11.970044,66799833
18/09/2019,12.5,12.74,12.42,12.68,11.802502,65556402
19/09/2019,12.66,12.7,12.46,12.58,11.709421,37177933
20/09/2019,12.46,12.66,12.46,12.58,11.709421,54360190
23/09/2019,12.54,12.58,12.38,12.42,11.560493,37971145
24/09/2019,12.4,12.6,12.38,12.5,11.634958,43677359
25/09/2019,12.34,12.42,12.14,12.28,11.430182,49063880
26/09/2019,12.24,12.32,12.02,12.2,11.355719,41498880
27/09/2019,12.04,12.1,11.94,11.96,11.132328,34246510
30/09/2019,11.8,12.06,11.76,11.96,11.132328,62918470
02/10/2019,11.96,12.06,11.8,11.86,11.039248,50878930
03/10/2019,11.72,11.82,11.6,11.74,10.927552,61881700
04/10/2019,11.7,11.74,11.42,11.54,10.741393,31867430
08/10/2019,11.56,11.74,11.4,11.54,10.741393,74342520
09/10/2019,11.42,11.5,11.38,11.46,10.666929,37086570
10/10/2019,11.44,11.56,11.34,11.5,10.704162,33435950
11/10/2019,11.82,12.08,11.72,12.04,11.206792,68987420
14/10/2019,12.04,12.08,11.78,11.96,11.132328,40724030
15/10/2019,11.82,11.9,11.74,11.82,11.002016,38325620
16/10/2019,11.9,11.94,11.74,11.86,11.039248,36025730
17/10/2019,12.08,12.08,11.84,11.94,11.113711,30479700
18/10/2019,12.08,12.08,11.8,11.88,11.057863,57662270
21/10/2019,11.78,12.02,11.78,12,11.169559,26870430
22/10/2019,12.02,12.08,11.88,11.94,11.113711,21598860
23/10/2019,12,12,11.72,11.9,11.076479,39577990
24/10/2019,12,12.06,11.9,12.06,11.225408,62278340
25/10/2019,12.14,12.24,12.06,12.08,11.244023,39437610
28/10/2019,12.18,12.26,12.02,12.18,11.337104,39142880
29/10/2019,12.28,12.28,12,12.08,11.244023,32555710
30/10/2019,11.9,12,11.82,11.88,11.057863,48587210
31/10/2019,11.9,11.96,11.72,11.76,10.946168,47396920
01/11/2019,11.82,11.98,11.74,11.96,11.132328,41789740
04/11/2019,12.18,12.26,12.08,12.26,11.411567,40696970
05/11/2019,12.26,12.56,12.18,12.52,11.653574,62153990
06/11/2019,12.32,12.64,12.3,12.48,11.616342,26586570
07/11/2019,12.36,12.66,12.36,12.54,11.67219,47522520
08/11/2019,12.42,12.7,12.42,12.7,11.821117,52067630
11/11/2019,12.4,12.56,12.24,12.32,11.467414,45659120
12/11/2019,12.48,12.48,12.26,12.42,11.560493,30385730
13/11/2019,12.12,12.28,11.98,12.12,11.281255,38240550
14/11/2019,12.26,12.26,11.82,11.98,11.150943,36071230
15/11/2019,12.12,12.12,11.8,11.94,11.113711,38160690
18/11/2019,11.96,12.06,11.86,12.06,11.225408,39660440
19/11/2019,11.82,12.02,11.8,12.02,11.188176,47368410
20/11/2019,11.86,11.9,11.8,11.84,11.020633,31180080
21/11/2019,11.72,11.86,11.6,11.68,10.871705,47611970
22/11/2019,11.82,11.96,11.76,11.86,11.039248,40417100
25/11/2019,11.92,12.08,11.86,11.92,11.095096,45942610
26/11/2019,12,12.08,11.88,11.88,11.057863,81150200
27/11/2019,11.9,12.02,11.86,11.92,11.095096,32347180
28/11/2019,11.84,11.9,11.72,11.74,10.927552,24484690
29/11/2019,11.62,11.74,11.32,11.36,10.573849,56211560
02/12/2019,11.4,11.44,11.32,11.36,10.573849,31667090
03/12/2019,11.32,11.44,11.14,11.34,10.555233,34573980
04/12/2019,11.16,11.32,11.12,11.16,10.387691,36977460
05/12/2019,11.36,11.4,11.22,11.3,10.518003,43878490
06/12/2019,11.38,11.4,11.26,11.3,10.518003,45347330
09/12/2019,11.4,11.54,11.26,11.32,10.536618,46167340
10/12/2019,11.24,11.34,11.22,11.28,10.499386,43461040
11/12/2019,11.32,11.44,11.22,11.36,10.573849,48714900
12/12/2019,11.42,11.52,11.38,11.46,10.666929,46921880
13/12/2019,11.64,11.8,11.62,11.78,10.964784,84466840
16/12/2019,11.64,11.94,11.62,11.74,10.927552,44989070
17/12/2019,11.8,12.12,11.8,12.06,11.225408,60821150
18/12/2019,12.38,12.48,12.26,12.48,11.616342,95357810
19/12/2019,12.68,12.68,12.28,12.48,11.616342,57304240
20/12/2019,12.62,12.62,12.4,12.5,11.634958,51331360
23/12/2019,12.56,12.66,12.46,12.66,11.783885,34636650
24/12/2019,12.7,12.7,12.58,12.62,11.746653,12527410
27/12/2019,12.68,12.86,12.62,12.84,11.951428,38489590
30/12/2019,12.86,13,12.72,12.92,12.025892,45827320
31/12/2019,13,13,12.8,12.96,12.063124,22809670
02/01/2020,13,13,12.8,12.98,12.081739,40154250
03/01/2020,13.08,13.46,12.94,13.24,12.323748,97342290
06/01/2020,13.46,13.78,13.44,13.72,12.77053,94458640
07/01/2020,13.56,13.76,13.52,13.64,12.696066,60014000
08/01/2020,14,14.04,13.42,13.64,12.696066,64964340
09/01/2020,13.44,13.68,13.36,13.68,12.733298,137426400
10/01/2020,13.64,13.66,13.36,13.54,12.602986,46400470
13/01/2020,13.56,13.76,13.52,13.74,12.789145,39287290
14/01/2020,13.76,13.78,13.4,13.54,12.602986,81058670
15/01/2020,13.56,13.66,13.18,13.22,12.305132,111022100
16/01/2020,13.34,13.56,13.32,13.44,12.509907,82057020
17/01/2020,13.54,13.56,13.36,13.52,12.584371,56905720
20/01/2020,13.6,13.6,13.28,13.32,12.398211,76856720
21/01/2020,12.82,13.2,12.82,13,12.100356,67633500
22/01/2020,13.3,13.4,13.1,13.34,12.416827,41156540
23/01/2020,12.96,13.2,12.86,13,12.100356,49542590
24/01/2020,12.96,13.06,12.8,13.04,12.137589,26568310
29/01/2020,12.52,12.64,12.3,12.46,11.597726,69134720
30/01/2020,12.22,12.44,11.9,12,11.169559,78662570
31/01/2020,12.3,12.3,11.82,11.86,11.039248,65587800
03/02/2020,11.78,11.88,11.6,11.68,10.871705,60401410
04/02/2020,11.5,11.86,11.5,11.8,10.9834,75732290
05/02/2020,12.24,12.24,11.8,12,11.169559,87228590
06/02/2020,12.42,12.74,12.34,12.6,11.728038,105728400
07/02/2020,12.34,12.46,12.22,12.26,11.411567,48055420
10/02/2020,12.08,12.3,12.08,12.18,11.337104,36167920
11/02/2020,12.22,12.44,12.18,12.32,11.467414,33894420
12/02/2020,12.48,12.48,12.26,12.44,11.579109,45733070
13/02/2020,12.48,12.52,12.32,12.34,11.486031,52377650
14/02/2020,12.48,12.48,12.26,12.34,11.486031,30846040
17/02/2020,12.22,12.42,12.22,12.26,11.411567,55610730
18/02/2020,12.22,12.26,11.98,12,11.169559,57773820
19/02/2020,12.02,12.18,11.96,12.08,11.244023,66585470
20/02/2020,12.34,12.38,12.1,12.22,11.374334,65309200
21/02/2020,12.22,12.26,12.04,12.18,11.337104,58194930
24/02/2020,11.94,11.96,11.64,11.74,10.927552,77353820
25/02/2020,11.58,11.62,11.5,11.56,10.760009,57607390
26/02/2020,11.22,11.44,11.22,11.36,10.573849,78658130
27/02/2020,11.16,11.22,11.02,11.18,10.406306,80083800
28/02/2020,10.68,10.76,10.52,10.68,9.940908,138638000
02/03/2020,10.8,11.2,10.8,11.14,10.369075,104900900
03/03/2020,11.08,11.26,10.98,11.06,10.294611,91468940
04/03/2020,10.92,10.98,10.74,10.9,10.145683,115119200
05/03/2020,10.84,11.14,10.84,11.06,10.294611,96466260
06/03/2020,10.84,10.88,10.62,10.62,9.88506,91065450
09/03/2020,8.3,9.11,8.3,8.79,8.181702,447580300
10/03/2020,9.05,9.16,8.79,9.05,8.42371,207875900
11/03/2020,8.92,8.97,8.52,8.52,7.930388,271703100
12/03/2020,8.1,8.23,7.8,7.81,7.269522,253671400
13/03/2020,7.3,8.07,7.07,7.93,7.381217,294020400
16/03/2020,7.36,7.79,7.36,7.52,6.99959,191115000
17/03/2020,7.48,7.7,7.22,7.4,6.887895,142593200
18/03/2020,7.18,7.25,6.8,6.87,6.394573,185882600
19/03/2020,6.41,6.67,6.24,6.4,5.957098,217050900
20/03/2020,6.76,7.13,6.71,7.13,6.63658,202034700
23/03/2020,6.58,6.94,6.55,6.77,6.301493,159621200
24/03/2020,7.14,7.18,6.97,7.12,6.627272,194016600
25/03/2020,7.32,7.68,7.26,7.65,7.120595,202983800
26/03/2020,7.5,7.65,7.4,7.58,7.055439,141826100
27/03/2020,7.72,7.79,7.55,7.77,7.23229,139962400
30/03/2020,7.5,7.69,7.36,7.57,7.046131,127557500
31/03/2020,7.7,8.15,7.69,8.13,7.567377,164645100
01/04/2020,8,8.26,7.89,8.03,7.474297,188795700
02/04/2020,7.78,8.73,7.77,8.63,8.032775,217697700
03/04/2020,8.7,8.74,8.4,8.56,7.967619,152636700
06/04/2020,8.64,8.98,8.45,8.89,8.274782,164821600
07/04/2020,8.83,8.97,8.71,8.94,8.321321,134358300
08/04/2020,8.85,8.85,8.63,8.67,8.070006,123612500
09/04/2020,8.88,8.94,8.75,8.92,8.302706,97101200
14/04/2020,8.79,8.79,8.58,8.68,8.079315,151608600
15/04/2020,8.53,8.61,8.21,8.23,7.660456,164568000
16/04/2020,8.25,8.46,8.1,8.36,7.781459,102449500
17/04/2020,8.45,8.59,8.38,8.39,7.809384,69948840
20/04/2020,8.3,8.54,8.21,8.52,7.930388,78143970
21/04/2020,8.31,8.4,8.1,8.27,7.697689,109189600
22/04/2020,8.09,8.27,8.06,8.24,7.669764,65258600
23/04/2020,8.31,8.52,8.31,8.44,7.855923,75996080
24/04/2020,8.48,8.61,8.4,8.51,7.92108,64409730
27/04/2020,8.65,8.66,8.51,8.53,7.939695,62822690
28/04/2020,8.6,8.65,8.38,8.65,8.05139,65820900
29/04/2020,8.8,8.85,8.65,8.79,8.181702,68199390
04/05/2020,8.5,8.5,8.13,8.16,7.5953,122563700
05/05/2020,8.33,8.45,8.29,8.39,7.809384,108487800
06/05/2020,8.39,8.69,8.39,8.62,8.023467,110692100
07/05/2020,8.53,8.6,8.41,8.57,7.976927,59694770
08/05/2020,8.55,8.74,8.55,8.73,8.125854,63718850
11/05/2020,8.86,8.95,8.73,8.75,8.144471,68044690
12/05/2020,8.68,8.68,8.44,8.52,7.930388,76098500
13/05/2020,8.45,8.6,8.43,8.53,7.939695,50504640
14/05/2020,8.4,8.44,8.3,8.35,7.772152,75897710
15/05/2020,8.31,8.56,8.3,8.42,7.837308,86387260
18/05/2020,8.64,9.13,8.57,9.08,8.451632,210808100
19/05/2020,9.4,9.5,9.17,9.32,8.675024,128416800
20/05/2020,9.35,9.36,9.05,9.17,8.535405,69296650
21/05/2020,9.2,9.23,9.03,9.07,8.442326,76948610
22/05/2020,8.8,8.85,8.4,8.62,8.023467,145595800
25/05/2020,8.55,8.72,8.49,8.72,8.116547,50609470
26/05/2020,8.86,8.9,8.75,8.84,8.228243,52447850
27/05/2020,8.92,8.99,8.76,8.9,8.284089,68967330
28/05/2020,8.64,8.88,8.55,8.8,8.19101,87280980
29/05/2020,8.7,8.81,8.63,8.63,8.032775,121301100
01/06/2020,8.94,9.1,8.91,9.03,8.405093,84706940
02/06/2020,9.03,9.15,8.95,9.13,8.498174,64968300
03/06/2020,9.39,9.6,9.35,9.55,8.889108,127536400
04/06/2020,9.4,9.4,8.95,9.15,8.937948,107884600
05/06/2020,9.09,9.36,9.07,9.33,9.113777,70308590
08/06/2020,9.74,9.74,9.52,9.53,9.309142,97389530
09/06/2020,9.46,9.7,9.46,9.55,9.328679,75973650
10/06/2020,9.67,9.68,9.44,9.5,9.279838,104068900
11/06/2020,9.45,9.53,9.24,9.26,9.0454,88694970
12/06/2020,8.93,8.93,8.72,8.83,8.625364,142217000
15/06/2020,8.6,8.86,8.54,8.61,8.410463,92371920
16/06/2020,8.83,9.13,8.82,8.97,8.76212,74708260
17/06/2020,9.02,9.05,8.89,8.99,8.781656,52604360
18/06/2020,8.8,8.94,8.77,8.87,8.664437,61181430
19/06/2020,8.81,8.94,8.78,8.93,8.723047,74138902
22/06/2020,8.9,8.99,8.82,8.9,8.693742,46001890
23/06/2020,8.86,8.98,8.66,8.98,8.771888,52426940
24/06/2020,9.1,9.1,8.76,8.8,8.59606,56951510
26/06/2020,8.72,8.84,8.66,8.7,8.498377,51327850
29/06/2020,8.83,8.83,8.54,8.59,8.390927,56855650
30/06/2020,8.69,8.74,8.6,8.62,8.420232,54015080
02/07/2020,8.82,9.08,8.79,8.99,8.781656,103015300
03/07/2020,9.12,9.15,9,9,8.791425,65156080
06/07/2020,8.92,9.27,8.92,9.19,8.977021,108041900
07/07/2020,9.3,9.39,8.86,8.9,8.693742,117218200
08/07/2020,8.9,8.96,8.72,8.86,8.654669,111535500
09/07/2020,8.87,9,8.76,8.8,8.59606,61664410
10/07/2020,8.7,8.77,8.56,8.67,8.469072,88933490
13/07/2020,8.75,8.99,8.66,8.88,8.674206,87321430
14/07/2020,8.8,8.85,8.66,8.72,8.517914,77392700
15/07/2020,8.91,8.92,8.72,8.81,8.605828,56457000
16/07/2020,8.75,8.84,8.61,8.66,8.459305,70545420
17/07/2020,8.82,8.82,8.57,8.61,8.410463,54074340
20/07/2020,8.6,8.68,8.51,8.55,8.351854,59581570
21/07/2020,8.6,8.64,8.53,8.6,8.400696,45902880
22/07/2020,8.75,9.08,8.71,8.75,8.547218,128380800
23/07/2020,8.75,8.8,8.56,8.65,8.449536,73816930
24/07/2020,8.56,8.64,8.45,8.52,8.32255,91065030
27/07/2020,8.65,8.74,8.55,8.59,8.390927,40215320
28/07/2020,8.71,8.75,8.53,8.61,8.410463,46723820
29/07/2020,8.63,8.67,8.52,8.52,8.32255,49551970
30/07/2020,8.53,8.61,8.41,8.44,8.244403,76294530
31/07/2020,8.36,8.43,8.18,8.2,8.009965,122742200
03/08/2020,8.11,8.2,8.04,8.15,7.961123,73854130
04/08/2020,8.21,8.45,8.2,8.39,8.195562,63851150
05/08/2020,8.41,8.57,8.37,8.52,8.32255,61747560
06/08/2020,8.64,8.76,8.54,8.64,8.439769,95291330
07/08/2020,8.65,8.66,8.44,8.49,8.293244,48884030
10/08/2020,8.49,8.54,8.37,8.51,8.312781,28428820
11/08/2020,8.64,8.8,8.6,8.77,8.566755,79092000
12/08/2020,8.71,8.93,8.66,8.89,8.683974,65417240
13/08/2020,8.96,9.02,8.85,8.99,8.781656,60735700
14/08/2020,8.83,9.02,8.83,8.98,8.771888,55569500
17/08/2020,8.96,9.05,8.9,8.97,8.76212,48998240
18/08/2020,9.08,9.08,8.97,9.04,8.830498,47443220
19/08/2020,9.1,9.1,8.9,8.99,8.781656,30470580
20/08/2020,9.12,9.27,8.91,9,8.791425,111471500
21/08/2020,9,9.09,8.91,9.01,8.801193,51642730
24/08/2020,8.99,9.05,8.91,8.99,8.781656,41795130
25/08/2020,8.98,9.13,8.92,9.13,8.918412,49400610
26/08/2020,9.12,9.23,9.09,9.15,8.937948,66261600
27/08/2020,9.06,9.09,8.8,8.83,8.625364,83033460
28/08/2020,8.75,8.92,8.75,8.75,8.547218,62253120
31/08/2020,8.89,9.21,8.82,8.82,8.615596,114127800
01/09/2020,8.76,8.83,8.71,8.72,8.517914,79469090
02/09/2020,8.63,8.71,8.55,8.63,8.43,84847750
03/09/2020,8.4,8.49,8.31,8.42,8.42,72630480
04/09/2020,8.3,8.4,8.24,8.36,8.36,116750300
07/09/2020,8.36,8.4,8.2,8.26,8.26,40087440
08/09/2020,8.29,8.3,8.18,8.3,8.3,45789180
09/09/2020,8.13,8.15,8.02,8.15,8.15,71821440
10/09/2020,8.15,8.15,8.05,8.09,8.09,46047060
11/09/2020,8.03,8.13,8.03,8.11,8.11,38356280
14/09/2020,8.08,8.15,8.07,8.09,8.09,27628120
15/09/2020,8.12,8.15,8.04,8.09,8.09,35518170
16/09/2020,8.1,8.21,8.04,8.18,8.18,39533170
17/09/2020,8.28,8.42,8.2,8.36,8.36,72352150
18/09/2020,8.3,8.33,8.21,8.29,8.29,78647040
21/09/2020,8.31,8.34,8.07,8.1,8.1,32162250
22/09/2020,8.02,8.03,7.91,7.91,7.91,46913820
23/09/2020,7.9,7.93,7.74,7.79,7.79,64002060
24/09/2020,7.66,7.69,7.45,7.51,7.51,113727000
25/09/2020,7.47,7.53,7.42,7.44,7.44,63619930
28/09/2020,7.4,7.51,7.35,7.45,7.45,44460480
29/09/2020,7.45,7.64,7.43,7.49,7.49,49605110
30/09/2020,7.45,7.56,7.41,7.45,7.45,78853170
05/10/2020,7.55,7.55,7.36,7.36,7.36,71007780
06/10/2020,7.48,7.68,7.48,7.6,7.6,58756840
07/10/2020,7.6,7.78,7.58,7.73,7.73,52508460
08/10/2020,7.72,7.72,7.58,7.65,7.65,47773450
09/10/2020,7.74,7.75,7.62,7.65,7.65,30969210
12/10/2020,7.64,7.72,7.58,7.64,7.64,47440190
14/10/2020,7.64,7.64,7.4,7.4,7.4,96646130
15/10/2020,7.41,7.41,7.28,7.29,7.29,63806650
16/10/2020,7.23,7.36,7.21,7.28,7.28,45534790
19/10/2020,7.23,7.43,7.23,7.41,7.41,43393800
20/10/2020,7.5,7.5,7.23,7.26,7.26,66075110
21/10/2020,7.26,7.39,7.25,7.35,7.35,59026590
22/10/2020,7.27,7.34,7.13,7.15,7.15,128260000
23/10/2020,7.25,7.7,7.19,7.67,7.67,118600600
27/10/2020,7.5,7.5,7.26,7.36,7.36,78482430
28/10/2020,7.36,7.36,7.25,7.26,7.26,45258590
29/10/2020,7.17,7.2,7.05,7.15,7.15,67076870
30/10/2020,7.1,7.11,6.95,7.04,7.04,76921350
02/11/2020,6.96,7.09,6.94,7.03,7.03,47339720
03/11/2020,7.23,7.37,7.2,7.29,7.29,56124000
04/11/2020,7.3,7.37,7.2,7.25,7.25,34592990
05/11/2020,7.42,7.47,7.28,7.33,7.33,57642130
06/11/2020,7.3,7.36,7.24,7.31,7.31,62731850
09/11/2020,7.49,7.49,7.26,7.38,7.38,57588550
10/11/2020,8,8.45,7.95,8.41,8.41,340505800
11/11/2020,8.85,8.85,8.45,8.84,8.84,213728300
12/11/2020,8.85,8.9,8.68,8.9,8.9,178063100
13/11/2020,8.68,8.7,8.34,8.54,8.54,81814110
16/11/2020,8.67,8.68,8.6,8.68,8.68,71903270
17/11/2020,8.9,8.99,8.77,8.86,8.86,130982900
18/11/2020,8.86,8.93,8.74,8.88,8.88,67230610
19/11/2020,8.85,8.86,8.72,8.86,8.86,74332140
20/11/2020,8.87,8.87,8.7,8.75,8.75,50120410
23/11/2020,8.89,9.22,8.85,9.18,9.18,140257900
24/11/2020,9.45,9.45,9.07,9.14,9.14,79104080
25/11/2020,9.3,9.62,9.3,9.52,9.52,163805100
26/11/2020,9.59,9.68,9.48,9.6,9.6,88046680
27/11/2020,9.4,9.53,9.28,9.45,9.45,58933500
30/11/2020,9,9.03,8.13,8.13,8.13,384350600
